INSERT INTO `Customer` (`customerID`,`fName`,`lName`,`phoneNum`)
VALUES
   (1,"Carly","Zenaida","1-543-255-4749"),
   (2,"Ivory","Barclay","1-856-324-6867"),
   (3,"Thane","Ferdinand","1-486-291-5124"),
   (4,"Shaine","Cyrus","1-846-875-9249"),
   (5,"Akeem","Chancellor","1-546-634-4741"),
   (6,"Jamal","Clarke","1-235-841-4440"),
   (7,"Quyn","Nita","1-240-755-2124"),
   (8,"Elliott","Austin","1-980-652-7826"),
   (9,"Sebastian","Fatima","1-656-306-6473"),
   (10,"Myles","Lamar","1-265-719-5416"),
   (11,"Josiah","Gemma","1-606-269-7195"),
   (12,"Yael","Benjamin","1-552-365-5353"),
   (13,"Callum","Cain","1-430-414-7082"),
   (14,"Martina","Carlos","1-588-860-8153"),
   (15,"Blythe","Gillian","1-853-240-4583"),
   (16,"Fuller","Beverly","1-665-773-8465"),
   (17,"Hannah","Madeson","1-244-324-1271"),
   (18,"Nevada","Sybill","1-515-856-5158"),
   (19,"Noel","Hadley","1-582-438-4784"),
   (20,"Rhoda","Arthur","1-238-282-5588");
INSERT INTO `Employee` (`employeeID`,`fName`,`lName`,`phoneNum`,`email`)
VALUES
   (1,"Chloe","Merrill","1-216-329-7819","m_chloe4378@m5garage.com"),
   (2,"Hasad","Neville","1-496-648-8520","hneville@m5garage.com"),
   (3,"Adara","Conan","1-327-574-1553","aconan@m5garage.com"),
   (4,"Bree","Melodie","1-554-135-6103","melodie-bree6536@m5garage.com"),
   (5,"Omar","Cassidy","1-666-502-5187","o.cassidy@m5garage.com"),
   (6,"Courtney","Mia","1-181-857-8136","courtney-mia@m5garage.com"),
   (7,"Damon","Lane","1-712-287-9854","d.lane1118@m5garage.com"),
   (8,"Cyrus","Eugenia","1-661-203-2584","eugenia.cyrus1347@m5garage.com"),
   (9,"Phoebe","Reece","1-101-218-1956","p_reece4196@m5garage.com"),
   (10,"Jasper","Walter","1-488-172-3435","wjasper@m5garage.com"),
   (11,"Seth","Gavin","1-315-603-8817","s-gavin@m5garage.com"),
   (12,"Garth","Renee","1-577-532-5717","renee_garth2278@m5garage.com"),
   (13,"Omar","Honorato","1-678-347-2864","honoratoomar@m5garage.com"),
   (14,"Gannon","Veronica","1-386-741-6060","veronica.gannon@m5garage.com"),
   (15,"Isaac","Bruno","1-505-721-2581","ibruno7054@m5garage.com"),
   (16,"Steven","Adrienne","1-941-548-7470","s-adrienne@m5garage.com"),
   (17,"Lois","Courtney","1-606-614-7627","c.lois3787@m5garage.com"),
   (18,"Nyssa","Colleen","1-464-877-3851","cnyssa1683@m5garage.com"),
   (19,"Aladdin","Giacomo","1-977-248-4819","a.giacomo@m5garage.com"),
   (20,"Winter","Quentin","1-638-405-2478","quentinwinter8121@m5garage.com");
INSERT INTO `Car` (`vin`, `make`, `model`, `year`)
VALUES
   ('1MBENZ0A123456789', 'Mercedes-Benz', 'E-Class', 2022),
   ('2BMW01B2345678901', 'BMW', 'X5', 2023),
   ('3AUDI02C345678902', 'Audi', 'A6', 2021),
   ('4LEXUS03D45678903', 'Lexus', 'RX', 2024),
   ('5JAGUA04E56789004', 'Jaguar', 'F-Type', 2022),
   ('6PORSC05F67890105', 'Porsche', '911', 2023),
   ('7TESLA06G78901206', 'Tesla', 'Model S', 2021),
   ('8BENTL07H89012307', 'Bentley', 'Continental GT', 2022),
   ('9ROLLS08I90123408', 'Rolls-Royce', 'Phantom', 2023),
   ('10MASER09J01234509', 'Maserati', 'Ghibli', 2024),
   ('11MBENZ0K34567810', 'Mercedes-Benz', 'S-Class', 2023),
   ('12BMW0L456789011', 'BMW', '3 Series', 2022),
   ('13AUDI0M56789012', 'Audi', 'Q5', 2024),
   ('14LEXUS0N6789013', 'Lexus', 'IS', 2021),
   ('15JAGUA0O78901214', 'Jaguar', 'XE', 2023),
   ('16PORSC0P89012315', 'Porsche', 'Cayenne', 2022),
   ('17TESLA0Q90123416', 'Tesla', 'Model 3', 2024),
   ('18BENTL0R01234517', 'Bentley', 'Bentayga', 2021),
   ('19ROLLS0S12345618', 'Rolls-Royce', 'Ghost', 2023),
   ('20MASER0T23456719', 'Maserati', 'Quattroporte', 2022);
INSERT INTO `Provides` (`vin`, `customerID`)
VALUES
   ('1MBENZ0A123456789', '1'),
   ('2BMW01B2345678901', '2'),
   ('3AUDI02C345678902', '3'),
   ('4LEXUS03D45678903', '4'),
   ('5JAGUA04E56789004', '5'),
   ('6PORSC05F67890105', '6'),
   ('7TESLA06G78901206', '7'),
   ('8BENTL07H89012307', '8'),
   ('9ROLLS08I90123408', '9'),
   ('10MASER09J01234509', '10'),
   ('11MBENZ0K34567810', '11'),
   ('12BMW0L456789011', '12'),
   ('13AUDI0M56789012', '13'),
   ('14LEXUS0N6789013', '14'),
   ('15JAGUA0O78901214', '15'),
   ('16PORSC0P89012315', '16'),
   ('17TESLA0Q90123416', '17'),
   ('18BENTL0R01234517', '18'),
   ('19ROLLS0S12345618', '19'),
   ('20MASER0T23456719', '20');
INSERT INTO `Works_On` (`employeeID`, `vin`, `repairDate`)
VALUES
   (1, '1MBENZ0A123456789', '2022-04-13 13:39:42'),
   (2, '2BMW01B2345678901', '2022-12-13 19:21:21'),
   (3, '3AUDI02C345678902', '2019-01-26 11:22:24'),
   (4, '4LEXUS03D45678903', '2019-02-08 20:39:45'),
   (5, '5JAGUA04E56789004', '2019-01-27 09:42:19'),
   (6, '6PORSC05F67890105', '2016-09-29 21:07:08'),
   (7, '7TESLA06G78901206', '2015-02-19 02:52:10'),
   (8, '8BENTL07H89012307', '2021-04-14 14:59:04'),
   (9, '9ROLLS08I90123408', '2018-01-07 04:21:34'),
   (10, '10MASER09J01234509', '2015-02-18 08:43:34'),
   (11, '11MBENZ0K34567810', '2021-10-05 13:02:27'),
   (12, '12BMW0L456789011', '2019-12-15 10:22:26'),
   (13, '13AUDI0M56789012', '2022-08-06 22:11:40'),
   (14, '14LEXUS0N6789013', '2018-06-24 19:53:19'),
   (15, '15JAGUA0O78901214', '2017-12-19 02:31:51'),
   (16, '16PORSC0P89012315', '2014-12-25 17:49:41'),
   (17, '17TESLA0Q90123416', '2023-06-13 06:26:08'),
   (18, '18BENTL0R01234517', '2017-11-09 19:02:45'),
   (19, '19ROLLS0S12345618', '2015-12-14 20:52:08'),
   (20, '20MASER0T23456719', '2022-12-15 20:01:11');
INSERT INTO `Part` (`partID`,`partName`)
VALUES
   (1,"QX89"),
   (2,"HH18"),
   (3,"QO94"),
   (4,"TS46"),
   (5,"ZX56"),
   (6,"GQ38"),
   (7,"GH83"),
   (8,"FN58"),
   (9,"ZE36"),
   (10,"LL26"),
   (11,"PS86"),
   (12,"GE48"),
   (13,"CB83"),
   (14,"DU34"),
   (15,"IM23"),
   (16,"NS43"),
   (17,"BW32"),
   (18,"JV89"),
   (19,"IA88"),
   (20,"XI52");
INSERT INTO `Orders_Part` (`employeeID`,`partID`,`orderNum`)
VALUES
   (1,10,8),
   (2,19,4),
   (3,15,33),
   (4,19,17),
   (5,7,15),
   (6,4,160),
   (7,16,92),
   (8,3,13),
   (9,9,11),
   (10,6,7),
   (11,2,18),
   (13,2,19),
   (14,19,12),
   (15,7,53),
   (16,11,10),
   (17,10,3),
   (18,17,162),
   (19,20,9),
   (20,7,52);
INSERT INTO `Needs_Part` (`partID`, `vin`)
VALUES
   (19, '1MBENZ0A123456789'),
   (10, '2BMW01B2345678901'),
   (8, '3AUDI02C345678902'),
   (10, '4LEXUS03D45678903'),
   (20, '5JAGUA04E56789004'),
   (18, '6PORSC05F67890105'),
   (14, '7TESLA06G78901206'),
   (19, '8BENTL07H89012307'),
   (14, '9ROLLS08I90123408'),
   (12, '10MASER09J01234509'),
   (3, '11MBENZ0K34567810'),
   (19, '12BMW0L456789011'),
   (19, '13AUDI0M56789012'),
   (16, '14LEXUS0N6789013'),
   (13, '15JAGUA0O78901214'),
   (18, '16PORSC0P89012315'),
   (11, '17TESLA0Q90123416'),
   (12, '18BENTL0R01234517'),
   (16, '19ROLLS0S12345618'),
   (4, '20MASER0T23456719');
INSERT INTO `Supplier` (`supplierID`, `supplierName`)
VALUES
 (1, 'Bosch'),
 (2, 'Delphi'),
 (3, 'Continental'),
 (4, 'Denso'),
 (5, 'Magna'),
 (6, 'Valeo'),
 (7, 'ZF'),
 (8, 'Aisin'),
 (9, 'Faurecia'),
 (10, 'Lear'),
 (11, 'BorgWarner'),
 (12, 'Tenneco'),
 (13, 'Hella'),
 (14, 'Mahle'),
 (15, 'Hyundai Mobis'),
 (16, 'Yazaki'),
 (17, 'Panasonic'),
 (18, 'Webasto'),
 (19, 'Schaeffler'),
 (20, 'Autoliv');
 INSERT INTO `Supplies` (`supplierID`,`partID`)

 VALUES
 (1,17),
 (2,3),
 (3,5),
 (4,18),
 (5,6),
 (6,5),
 (7,16),
 (8,17),
 (9,6),
 (10,12),
 (11,18),
 (12,9),
 (13,3),
 (14,8),
 (15,9),
 (16,20),
 (17,10),
 (18,17),
 (19,14),
 (20,8);
INSERT INTO `Payment` (`paymentID`,`paymentDate`,`amount`)
VALUES
 (1,"2024-01-23 10:23:12","6094.99"),
 (2,"2024-02-07 00:56:38","4895.99"),
 (3,"2023-10-23 08:33:42","5497.99"),
 (4,"2023-11-13 20:34:50","7713.99"),
 (5,"2023-09-01 02:06:10","5220.99"),
 (6,"2023-10-08 17:58:28","2627.99"),
 (7,"2023-12-30 01:49:57","8639.99"),
 (8,"2023-08-31 12:55:54","6361.99"),
 (9,"2024-04-20 05:52:29","8861.99"),
 (10,"2023-10-24 02:05:54","7531.99"),
 (11,"2024-07-06 11:18:23","5064.99"),
 (12,"2024-05-17 09:06:44","4361.99"),
 (13,"2023-12-28 22:28:57","3740.99"),
 (14,"2024-05-23 21:13:28","6404.99"),
 (15,"2023-12-03 09:50:04","4243.99"),
 (16,"2024-01-22 14:27:02","1395.99"),
 (17,"2024-06-17 21:28:23","5662.99"),
 (18,"2024-06-13 07:01:03","3180.99"),
 (19,"2024-04-29 07:03:40","2462.99"),
 (20,"2023-09-20 08:57:25","6059.99");
INSERT INTO `Pays` (`paymentID`,`customerID`)
VALUES
 (1,1),
 (2,2),
 (3,3),
 (4,4),
 (5,5),
 (6,6),
 (7,7),
 (8,8),
 (9,9),
 (10,10),
 (11,11),
 (12,12),
 (13,13),
 (14,14),
 (15,15),
 (16,16),
 (17,17),
 (18,18),
 (19,19),
 (20,20);